,X,Y,p,test,R^2
0,hospital_county,operating_certificate_number,1.0,chi_squared,
1,hospital_county,facility_id,1.0,chi_squared,
2,hospital_county,facility_name,1.0,chi_squared,
3,hospital_county,age_group,1.0,chi_squared,
4,hospital_county,zip_code__3_digits,1.0,chi_squared,
5,hospital_county,gender,1.0,chi_squared,
6,hospital_county,race,1.0,chi_squared,
7,hospital_county,ethnicity,1.0,chi_squared,
8,hospital_county,length_of_stay,,t_test,
9,hospital_county,type_of_admission,1.0,chi_squared,
10,hospital_county,patient_disposition,1.0,chi_squared,
11,hospital_county,discharge_year,,t_test,
12,hospital_county,ccs_diagnosis_code,1.0,chi_squared,
13,hospital_county,ccs_diagnosis_description,1.0,chi_squared,
14,hospital_county,ccs_procedure_code,1.0,chi_squared,
15,hospital_county,ccs_procedure_description,1.0,chi_squared,
16,hospital_county,apr_drg_code,1.0,chi_squared,
17,hospital_county,apr_drg_description,1.0,chi_squared,
18,hospital_county,apr_mdc_code,1.0,chi_squared,
19,hospital_county,apr_mdc_description,1.0,chi_squared,
20,hospital_county,apr_severity_of_illness_code,1.0,chi_squared,
21,hospital_county,apr_severity_of_illness_description,1.0,chi_squared,
22,hospital_county,apr_risk_of_mortality,1.0,chi_squared,
23,hospital_county,apr_medical_surgical_description,1.0,chi_squared,
24,hospital_county,source_of_payment_1,1.0,chi_squared,
25,hospital_county,source_of_payment_2,1.0,chi_squared,
26,hospital_county,source_of_payment_3,1.0,chi_squared,
27,hospital_county,attending_provider_license_number,1.0,chi_squared,
28,hospital_county,operating_provider_license_number,1.0,chi_squared,
29,hospital_county,other_provider_license_number,1.0,chi_squared,
30,hospital_county,birth_weight,,t_test,
31,hospital_county,abortion_edit_indicator,1.0,chi_squared,
32,hospital_county,emergency_department_indicator,1.0,chi_squared,
33,hospital_county,total_charges,,t_test,
34,hospital_county,total_costs,,t_test,
35,hospital_county,year,,t_test,
36,hospital_county,payment_typology_1,1.0,chi_squared,
37,hospital_county,payment_typology_2,1.0,chi_squared,
38,hospital_county,payment_typology_3,1.0,chi_squared,
39,hospital_county,diagnosis,1.0,chi_squared,
40,operating_certificate_number,facility_id,0.0,chi_squared,
41,operating_certificate_number,facility_name,0.0,chi_squared,
42,operating_certificate_number,age_group,1.61201674796859e-192,chi_squared,
43,operating_certificate_number,zip_code__3_digits,0.0,chi_squared,
44,operating_certificate_number,gender,5.050046944963289e-12,chi_squared,
45,operating_certificate_number,race,5.536482252781691e-129,chi_squared,
46,operating_certificate_number,ethnicity,2.1179471181704073e-89,chi_squared,
47,operating_certificate_number,length_of_stay,1.0599387815738222e-34,t_test,
48,operating_certificate_number,type_of_admission,9.442898274367787e-162,chi_squared,
49,operating_certificate_number,patient_disposition,3.3570094062555463e-302,chi_squared,
50,operating_certificate_number,discharge_year,0.0,t_test,
51,operating_certificate_number,ccs_diagnosis_code,0.0,chi_squared,
52,operating_certificate_number,ccs_diagnosis_description,0.0,chi_squared,
53,operating_certificate_number,ccs_procedure_code,0.0,chi_squared,
54,operating_certificate_number,ccs_procedure_description,0.0,chi_squared,
55,operating_certificate_number,apr_drg_code,0.0,chi_squared,
56,operating_certificate_number,apr_drg_description,0.0,chi_squared,
57,operating_certificate_number,apr_mdc_code,0.0,chi_squared,
58,operating_certificate_number,apr_mdc_description,0.0,chi_squared,
59,operating_certificate_number,apr_severity_of_illness_code,3.533953478641994e-71,chi_squared,
60,operating_certificate_number,apr_severity_of_illness_description,3.533953478641994e-71,chi_squared,
61,operating_certificate_number,apr_risk_of_mortality,1.7123416070621442e-113,chi_squared,
62,operating_certificate_number,apr_medical_surgical_description,8.745133851826034e-07,chi_squared,
63,operating_certificate_number,source_of_payment_1,0.0,chi_squared,
64,operating_certificate_number,source_of_payment_2,7.041764709548701e-221,chi_squared,
65,operating_certificate_number,source_of_payment_3,6.746488301266723e-55,chi_squared,
66,operating_certificate_number,attending_provider_license_number,0.0,chi_squared,
67,operating_certificate_number,operating_provider_license_number,0.0,chi_squared,
68,operating_certificate_number,other_provider_license_number,1.0,chi_squared,
69,operating_certificate_number,birth_weight,0.0012199326852049986,t_test,
70,operating_certificate_number,abortion_edit_indicator,1.0,chi_squared,
71,operating_certificate_number,emergency_department_indicator,9.545878447117181e-127,chi_squared,
72,operating_certificate_number,total_charges,7.834805617918266e-36,t_test,
73,operating_certificate_number,total_costs,6.120385217896608e-57,t_test,
74,operating_certificate_number,year,0.0,t_test,
75,operating_certificate_number,payment_typology_1,1.0,chi_squared,
76,operating_certificate_number,payment_typology_2,1.0,chi_squared,
77,operating_certificate_number,payment_typology_3,1.0,chi_squared,
78,operating_certificate_number,diagnosis,0.0,chi_squared,
79,facility_id,facility_name,0.0,chi_squared,
80,facility_id,age_group,1.2845532783886947e-197,chi_squared,
81,facility_id,zip_code__3_digits,0.0,chi_squared,
82,facility_id,gender,2.174102459096122e-12,chi_squared,
83,facility_id,race,8.868132657556448e-127,chi_squared,
84,facility_id,ethnicity,6.209432472561347e-83,chi_squared,
85,facility_id,length_of_stay,1.9336491697231716e-34,t_test,
86,facility_id,type_of_admission,5.751040538795476e-157,chi_squared,
87,facility_id,patient_disposition,8.032693495087216e-284,chi_squared,
88,facility_id,discharge_year,0.0,t_test,
89,facility_id,ccs_diagnosis_code,0.0,chi_squared,
90,facility_id,ccs_diagnosis_description,0.0,chi_squared,
91,facility_id,ccs_procedure_code,0.0,chi_squared,
92,facility_id,ccs_procedure_description,0.0,chi_squared,
93,facility_id,apr_drg_code,0.0,chi_squared,
94,facility_id,apr_drg_description,0.0,chi_squared,
95,facility_id,apr_mdc_code,0.0,chi_squared,
96,facility_id,apr_mdc_description,0.0,chi_squared,
97,facility_id,apr_severity_of_illness_code,1.323922273392651e-69,chi_squared,
98,facility_id,apr_severity_of_illness_description,1.323922273392651e-69,chi_squared,
99,facility_id,apr_risk_of_mortality,4.283984637597872e-112,chi_squared,
100,facility_id,apr_medical_surgical_description,2.6527828283680534e-06,chi_squared,
101,facility_id,source_of_payment_1,0.0,chi_squared,
102,facility_id,source_of_payment_2,7.041764709548701e-221,chi_squared,
103,facility_id,source_of_payment_3,6.746488301266723e-55,chi_squared,
104,facility_id,attending_provider_license_number,0.0,chi_squared,
105,facility_id,operating_provider_license_number,0.0,chi_squared,
106,facility_id,other_provider_license_number,1.0,chi_squared,
107,facility_id,birth_weight,0.0012197946697172597,t_test,
108,facility_id,abortion_edit_indicator,1.0,chi_squared,
109,facility_id,emergency_department_indicator,9.262643994016039e-120,chi_squared,
110,facility_id,total_charges,3.675289162387239e-32,t_test,
111,facility_id,total_costs,5.374357963104157e-57,t_test,
112,facility_id,year,0.0,t_test,
113,facility_id,diagnosis,0.0,chi_squared,
114,facility_name,age_group,1.61201674796859e-192,chi_squared,
115,facility_name,zip_code__3_digits,0.0,chi_squared,
116,facility_name,gender,5.050046944963289e-12,chi_squared,
117,facility_name,race,5.536482252781691e-129,chi_squared,
118,facility_name,ethnicity,2.1179471181704073e-89,chi_squared,
119,facility_name,length_of_stay,1.0599387815738222e-34,t_test,
120,facility_name,type_of_admission,9.442898274367787e-162,chi_squared,
121,facility_name,patient_disposition,3.3570094062555463e-302,chi_squared,
122,facility_name,discharge_year,0.0,t_test,
123,facility_name,ccs_diagnosis_code,0.0,chi_squared,
124,facility_name,ccs_diagnosis_description,0.0,chi_squared,
125,facility_name,ccs_procedure_code,0.0,chi_squared,
126,facility_name,ccs_procedure_description,0.0,chi_squared,
127,facility_name,apr_drg_code,0.0,chi_squared,
128,facility_name,apr_drg_description,0.0,chi_squared,
129,facility_name,apr_mdc_code,0.0,chi_squared,
130,facility_name,apr_mdc_description,0.0,chi_squared,
131,facility_name,apr_severity_of_illness_code,3.533953478641994e-71,chi_squared,
132,facility_name,apr_severity_of_illness_description,3.533953478641994e-71,chi_squared,
133,facility_name,apr_risk_of_mortality,1.7123416070621442e-113,chi_squared,
134,facility_name,apr_medical_surgical_description,8.745133851826034e-07,chi_squared,
135,facility_name,source_of_payment_1,0.0,chi_squared,
136,facility_name,source_of_payment_2,7.041764709548701e-221,chi_squared,
137,facility_name,source_of_payment_3,6.746488301266723e-55,chi_squared,
138,facility_name,attending_provider_license_number,0.0,chi_squared,
139,facility_name,operating_provider_license_number,0.0,chi_squared,
140,facility_name,other_provider_license_number,1.0,chi_squared,
141,facility_name,birth_weight,0.0012199326852049986,t_test,
142,facility_name,abortion_edit_indicator,1.0,chi_squared,
143,facility_name,emergency_department_indicator,9.545878447117181e-127,chi_squared,
144,facility_name,total_charges,7.834805617918266e-36,t_test,
145,facility_name,total_costs,6.120385217896608e-57,t_test,
146,facility_name,year,0.0,t_test,
147,facility_name,payment_typology_1,1.0,chi_squared,
148,facility_name,payment_typology_2,1.0,chi_squared,
149,facility_name,payment_typology_3,1.0,chi_squared,
150,facility_name,diagnosis,0.0,chi_squared,
151,age_group,zip_code__3_digits,1.936421906969315e-236,chi_squared,
152,age_group,gender,4.2721812466652844e-34,chi_squared,
153,age_group,race,1.8331956739908363e-131,chi_squared,
154,age_group,ethnicity,1.327774148948361e-39,chi_squared,
155,age_group,length_of_stay,5.437112782826341e-67,ANOVA,0.012349442230460203
156,age_group,type_of_admission,4.9533491594451946e-70,chi_squared,
157,age_group,patient_disposition,0.0,chi_squared,
158,age_group,discharge_year,1.948039499862256e-45,ANOVA,0.008448523517173704
159,age_group,ccs_diagnosis_code,0.0,chi_squared,
160,age_group,ccs_diagnosis_description,0.0,chi_squared,
161,age_group,ccs_procedure_code,0.0,chi_squared,
162,age_group,ccs_procedure_description,0.0,chi_squared,
163,age_group,apr_drg_code,0.0,chi_squared,
164,age_group,apr_drg_description,0.0,chi_squared,
165,age_group,apr_mdc_code,0.0,chi_squared,
166,age_group,apr_mdc_description,0.0,chi_squared,
167,age_group,apr_severity_of_illness_code,0.0,chi_squared,
168,age_group,apr_severity_of_illness_description,0.0,chi_squared,
169,age_group,apr_risk_of_mortality,0.0,chi_squared,
170,age_group,apr_medical_surgical_description,1.074663988798119e-38,chi_squared,
171,age_group,source_of_payment_1,0.0,chi_squared,
172,age_group,source_of_payment_2,0.0,chi_squared,
173,age_group,source_of_payment_3,3.971072849553304e-40,chi_squared,
174,age_group,attending_provider_license_number,0.0,chi_squared,
175,age_group,operating_provider_license_number,0.0,chi_squared,
176,age_group,other_provider_license_number,4.8620301824791307e-191,chi_squared,
177,age_group,birth_weight,6.120887127914385e-68,ANOVA,0.012520533911373798
178,age_group,abortion_edit_indicator,1.0,chi_squared,
179,age_group,emergency_department_indicator,4.4927734542935893e-63,chi_squared,
180,age_group,total_charges,7.211229269950556e-248,ANOVA,0.04434380935989569
181,age_group,total_costs,5.16210704600901e-83,ANOVA,0.015233743348259575
182,age_group,year,1.948039499862256e-45,ANOVA,0.008448523517173704
183,age_group,payment_typology_1,1.1074437287753526e-301,chi_squared,
184,age_group,payment_typology_2,7.0499671852006954e-62,chi_squared,
185,age_group,payment_typology_3,0.009809751511419927,chi_squared,
186,age_group,diagnosis,0.0,chi_squared,
187,zip_code__3_digits,gender,4.829101493708678e-07,chi_squared,
188,zip_code__3_digits,race,4.029943038898972e-207,chi_squared,
189,zip_code__3_digits,ethnicity,1.5924082069619913e-72,chi_squared,
190,zip_code__3_digits,length_of_stay,8.136835426224157e-85,ANOVA,0.020092728091886874
191,zip_code__3_digits,type_of_admission,2.246140556173624e-126,chi_squared,
192,zip_code__3_digits,patient_disposition,3.242224689592864e-129,chi_squared,
193,zip_code__3_digits,discharge_year,3.753613380839443e-83,ANOVA,0.019773990560745615
194,zip_code__3_digits,ccs_diagnosis_code,1.0403505339206443e-265,chi_squared,
195,zip_code__3_digits,ccs_diagnosis_description,5.345801375892584e-217,chi_squared,
196,zip_code__3_digits,ccs_procedure_code,0.0,chi_squared,
197,zip_code__3_digits,ccs_procedure_description,0.0,chi_squared,
198,zip_code__3_digits,apr_drg_code,0.0,chi_squared,
199,zip_code__3_digits,apr_drg_description,0.0,chi_squared,
200,zip_code__3_digits,apr_mdc_code,0.0,chi_squared,
201,zip_code__3_digits,apr_mdc_description,0.0,chi_squared,
202,zip_code__3_digits,apr_severity_of_illness_code,7.1028878524708245e-71,chi_squared,
203,zip_code__3_digits,apr_severity_of_illness_description,7.1028878524708245e-71,chi_squared,
204,zip_code__3_digits,apr_risk_of_mortality,3.128087578892633e-122,chi_squared,
205,zip_code__3_digits,apr_medical_surgical_description,4.402805530367758e-34,chi_squared,
206,zip_code__3_digits,source_of_payment_1,3.515175676693127e-170,chi_squared,
207,zip_code__3_digits,source_of_payment_2,3.6534392162802904e-99,chi_squared,
208,zip_code__3_digits,source_of_payment_3,1.7886896507008511e-16,chi_squared,
209,zip_code__3_digits,attending_provider_license_number,0.0,chi_squared,
210,zip_code__3_digits,operating_provider_license_number,0.0,chi_squared,
211,zip_code__3_digits,other_provider_license_number,1.0,chi_squared,
212,zip_code__3_digits,birth_weight,0.9999999999999999,ANOVA,8.760281617769474e-05
213,zip_code__3_digits,abortion_edit_indicator,1.0,chi_squared,
214,zip_code__3_digits,emergency_department_indicator,1.2529742631196148e-96,chi_squared,
215,zip_code__3_digits,total_charges,8.834177475207146e-22,ANOVA,0.007397699168477475
216,zip_code__3_digits,total_costs,0.0,ANOVA,0.22515403543944754
217,zip_code__3_digits,year,3.753613380839443e-83,ANOVA,0.019773990560745615
218,zip_code__3_digits,payment_typology_1,1.2635286889984261e-21,chi_squared,
219,zip_code__3_digits,payment_typology_2,2.9357486008261635e-09,chi_squared,
220,zip_code__3_digits,payment_typology_3,0.7852902588558958,chi_squared,
221,zip_code__3_digits,diagnosis,0.0,chi_squared,
222,gender,race,0.00011916732974764157,chi_squared,
223,gender,ethnicity,6.919922185101834e-05,chi_squared,
224,gender,length_of_stay,0.2612790762472146,t_test,
225,gender,type_of_admission,0.7153880581604966,chi_squared,
226,gender,patient_disposition,1.2249098812869763e-60,chi_squared,
227,gender,discharge_year,1.4604422325135863e-08,t_test,
228,gender,ccs_diagnosis_code,1.6458908888191725e-114,chi_squared,
229,gender,ccs_diagnosis_description,5.221507626197337e-102,chi_squared,
230,gender,ccs_procedure_code,7.691318533154517e-47,chi_squared,
231,gender,ccs_procedure_description,7.691318533154736e-47,chi_squared,
232,gender,apr_drg_code,4.225070859241226e-141,chi_squared,
233,gender,apr_drg_description,4.1090923529579863e-125,chi_squared,
234,gender,apr_mdc_code,6.691279866927557e-77,chi_squared,
235,gender,apr_mdc_description,6.691279866927557e-77,chi_squared,
236,gender,apr_severity_of_illness_code,1.8962148240199512e-06,chi_squared,
237,gender,apr_severity_of_illness_description,1.8962148240199512e-06,chi_squared,
238,gender,apr_risk_of_mortality,2.8563286574005212e-08,chi_squared,
239,gender,apr_medical_surgical_description,1.5744970418597678e-20,chi_squared,
240,gender,source_of_payment_1,8.622814000789584e-27,chi_squared,
241,gender,source_of_payment_2,9.75598361532518e-18,chi_squared,
242,gender,source_of_payment_3,7.034752618220582e-05,chi_squared,
243,gender,attending_provider_license_number,2.1072064660901411e-35,chi_squared,
244,gender,operating_provider_license_number,7.543598179599262e-11,chi_squared,
245,gender,other_provider_license_number,0.015060041702387124,chi_squared,
246,gender,birth_weight,0.5148408905849111,t_test,
247,gender,abortion_edit_indicator,1.0,chi_squared,
248,gender,emergency_department_indicator,0.34194287490214875,chi_squared,
249,gender,total_charges,8.744489990638517e-14,t_test,
250,gender,total_costs,5.975356013611485e-07,t_test,
251,gender,year,1.4604422325135863e-08,t_test,
252,gender,payment_typology_1,0.0017807892170349185,chi_squared,
253,gender,payment_typology_2,0.0008517157710689422,chi_squared,
254,gender,payment_typology_3,0.22767237906357407,chi_squared,
255,gender,diagnosis,2.0671466613762186e-45,chi_squared,
256,race,ethnicity,0.0,chi_squared,
257,race,length_of_stay,1.0243355618828513e-09,ANOVA,0.00176375446200147
258,race,type_of_admission,0.0034006428864729343,chi_squared,
259,race,patient_disposition,1.1549951353220598e-134,chi_squared,
260,race,discharge_year,0.05349145983110502,ANOVA,0.00030200103618396743
261,race,ccs_diagnosis_code,1.1570061708132386e-249,chi_squared,
262,race,ccs_diagnosis_description,2.5851573674470987e-190,chi_squared,
263,race,ccs_procedure_code,1.573742622995906e-33,chi_squared,
264,race,ccs_procedure_description,1.5737426229959053e-33,chi_squared,
265,race,apr_drg_code,5.541542602737606e-308,chi_squared,
266,race,apr_drg_description,1.4452335651009949e-241,chi_squared,
267,race,apr_mdc_code,1.4514868204094837e-106,chi_squared,
268,race,apr_mdc_description,1.4514868204092356e-106,chi_squared,
269,race,apr_severity_of_illness_code,3.779478549089821e-27,chi_squared,
270,race,apr_severity_of_illness_description,3.779478549089821e-27,chi_squared,
271,race,apr_risk_of_mortality,1.1305799929370262e-50,chi_squared,
272,race,apr_medical_surgical_description,0.0030410245274514257,chi_squared,
273,race,source_of_payment_1,0.0,chi_squared,
274,race,source_of_payment_2,0.0,chi_squared,
275,race,source_of_payment_3,5.11682771201115e-97,chi_squared,
276,race,attending_provider_license_number,0.0,chi_squared,
277,race,operating_provider_license_number,1.249041327939261e-06,chi_squared,
278,race,other_provider_license_number,1.4067530663382292e-06,chi_squared,
279,race,birth_weight,0.5829312643027872,ANOVA,7.683344800084247e-05
280,race,abortion_edit_indicator,1.0,chi_squared,
281,race,emergency_department_indicator,0.00044408372641678383,chi_squared,
282,race,total_charges,0.0004516125159075432,ANOVA,0.0007069611169306198
283,race,total_costs,1.499803591383468e-133,ANOVA,0.024048616395676257
284,race,year,0.05349145983110502,ANOVA,0.00030200103618396743
285,race,payment_typology_1,1.241877532469517e-18,chi_squared,
286,race,payment_typology_2,1.5041356690428399e-43,chi_squared,
287,race,payment_typology_3,1.5826165009460814e-08,chi_squared,
288,race,diagnosis,2.4734063907207758e-107,chi_squared,
289,ethnicity,length_of_stay,0.00016639748547747104,ANOVA,0.0006855953395265149
290,ethnicity,type_of_admission,0.00011317693033873139,chi_squared,
291,ethnicity,patient_disposition,2.8315885264045743e-09,chi_squared,
292,ethnicity,discharge_year,0.0008296780275724448,ANOVA,0.000559035992224938
293,ethnicity,ccs_diagnosis_code,4.724768206515015e-05,chi_squared,
294,ethnicity,ccs_diagnosis_description,0.00014924074146613627,chi_squared,
295,ethnicity,ccs_procedure_code,5.888475336804369e-06,chi_squared,
296,ethnicity,ccs_procedure_description,5.888475336804708e-06,chi_squared,
297,ethnicity,apr_drg_code,2.976892263380594e-25,chi_squared,
298,ethnicity,apr_drg_description,1.3286448729765946e-11,chi_squared,
299,ethnicity,apr_mdc_code,1.2640384545155961e-20,chi_squared,
300,ethnicity,apr_mdc_description,1.264038454515614e-20,chi_squared,
301,ethnicity,apr_severity_of_illness_code,4.756813112663785e-07,chi_squared,
302,ethnicity,apr_severity_of_illness_description,4.756813112663785e-07,chi_squared,
303,ethnicity,apr_risk_of_mortality,1.141540324715981e-13,chi_squared,
304,ethnicity,apr_medical_surgical_description,0.5623152746506492,chi_squared,
305,ethnicity,source_of_payment_1,2.6866845534440858e-90,chi_squared,
306,ethnicity,source_of_payment_2,2.0947662291336154e-66,chi_squared,
307,ethnicity,source_of_payment_3,0.022085726752080342,chi_squared,
308,ethnicity,attending_provider_license_number,1.5604985591226903e-132,chi_squared,
309,ethnicity,operating_provider_license_number,1.0,chi_squared,
310,ethnicity,other_provider_license_number,0.6355989857537416,chi_squared,
311,ethnicity,birth_weight,0.9623161018588218,ANOVA,3.027684711028198e-06
312,ethnicity,abortion_edit_indicator,1.0,chi_squared,
313,ethnicity,emergency_department_indicator,0.00011728083413609264,chi_squared,
314,ethnicity,total_charges,0.002848688593176689,ANOVA,0.0004618541018030468
315,ethnicity,total_costs,1.7606643460046908e-54,ANOVA,0.00970852807269583
316,ethnicity,year,0.0008296780275724448,ANOVA,0.000559035992224938
317,ethnicity,payment_typology_1,0.0062740399540185815,chi_squared,
318,ethnicity,payment_typology_2,0.0009913105988211702,chi_squared,
319,ethnicity,payment_typology_3,0.3577613140928213,chi_squared,
320,ethnicity,diagnosis,3.8065692080862424e-25,chi_squared,
321,length_of_stay,type_of_admission,1.1789403373737307e-24,ANOVA,0.004502458735778008
322,length_of_stay,patient_disposition,0.0,ANOVA,0.060859627402677835
323,length_of_stay,discharge_year,,linear_regression,0.004458906209339419
324,length_of_stay,ccs_diagnosis_code,0.0,ANOVA,0.12149856190464398
325,length_of_stay,ccs_diagnosis_description,0.0,ANOVA,0.1506606895377222
326,length_of_stay,ccs_procedure_code,0.0,ANOVA,0.1027074210187154
327,length_of_stay,ccs_procedure_description,0.0,ANOVA,0.10270742101870313
328,length_of_stay,apr_drg_code,0.0,ANOVA,0.21656211112839885
329,length_of_stay,apr_drg_description,0.0,ANOVA,0.22860031603312858
330,length_of_stay,apr_mdc_code,1.772598458406887e-275,ANOVA,0.05176619175803127
331,length_of_stay,apr_mdc_description,1.772598458409507e-275,ANOVA,0.05176619175803114
332,length_of_stay,apr_severity_of_illness_code,0.0,ANOVA,0.06615482450122762
333,length_of_stay,apr_severity_of_illness_description,0.0,ANOVA,0.06615482450122749
334,length_of_stay,apr_risk_of_mortality,2.5722571034016484e-264,ANOVA,0.046964045769723184
335,length_of_stay,apr_medical_surgical_description,0.000904969150289149,t_test,
336,length_of_stay,source_of_payment_1,4.494354376622149e-50,ANOVA,0.01195774373073883
337,length_of_stay,source_of_payment_2,2.1992556096325985e-17,ANOVA,0.008190131606022586
338,length_of_stay,source_of_payment_3,2.1393435273368693e-05,ANOVA,0.014639345883076284
339,length_of_stay,attending_provider_license_number,0.0,ANOVA,0.09143555711956411
340,length_of_stay,operating_provider_license_number,1.5519488241427423e-116,ANOVA,0.15256430454865347
341,length_of_stay,other_provider_license_number,2.0772271983327716e-64,ANOVA,0.07095981574942983
342,length_of_stay,birth_weight,,linear_regression,0.00015618406333794965
343,length_of_stay,abortion_edit_indicator,,t_test,
344,length_of_stay,emergency_department_indicator,3.500002804750073e-12,t_test,
345,length_of_stay,total_charges,,linear_regression,0.36615633223981187
346,length_of_stay,total_costs,,linear_regression,0.14358156389959775
347,length_of_stay,year,,linear_regression,0.004458906209339419
348,length_of_stay,payment_typology_1,0.0001098160039568178,ANOVA,0.0100994432879668
349,length_of_stay,payment_typology_2,0.006409133479071919,ANOVA,0.010869824105299356
350,length_of_stay,payment_typology_3,0.46228933757741497,ANOVA,0.06275963402660438
351,length_of_stay,diagnosis,4.4081009993850855e-199,ANOVA,0.036818179332397206
352,type_of_admission,patient_disposition,1.8893495702111565e-30,chi_squared,
353,type_of_admission,discharge_year,1.5919199746066681e-37,ANOVA,0.006841185934239452
354,type_of_admission,ccs_diagnosis_code,0.0,chi_squared,
355,type_of_admission,ccs_diagnosis_description,0.0,chi_squared,
356,type_of_admission,ccs_procedure_code,0.0,chi_squared,
357,type_of_admission,ccs_procedure_description,0.0,chi_squared,
358,type_of_admission,apr_drg_code,0.0,chi_squared,
359,type_of_admission,apr_drg_description,0.0,chi_squared,
360,type_of_admission,apr_mdc_code,1.078743124664087e-87,chi_squared,
361,type_of_admission,apr_mdc_description,1.078743124664087e-87,chi_squared,
362,type_of_admission,apr_severity_of_illness_code,8.092539981066767e-73,chi_squared,
363,type_of_admission,apr_severity_of_illness_description,8.092539981066767e-73,chi_squared,
364,type_of_admission,apr_risk_of_mortality,4.85862323096566e-80,chi_squared,
365,type_of_admission,apr_medical_surgical_description,8.670101944469081e-102,chi_squared,
366,type_of_admission,source_of_payment_1,9.431161465118481e-27,chi_squared,
367,type_of_admission,source_of_payment_2,6.241191776636654e-08,chi_squared,
368,type_of_admission,source_of_payment_3,0.5997908255184881,chi_squared,
369,type_of_admission,attending_provider_license_number,0.0,chi_squared,
370,type_of_admission,operating_provider_license_number,8.850201778349627e-106,chi_squared,
371,type_of_admission,other_provider_license_number,8.486918315772314e-54,chi_squared,
372,type_of_admission,birth_weight,0.26586373388354045,ANOVA,0.00015603897626975693
373,type_of_admission,abortion_edit_indicator,1.0,chi_squared,
374,type_of_admission,emergency_department_indicator,0.0,chi_squared,
375,type_of_admission,total_charges,0.1418693683895492,ANOVA,0.00021463287596881723
376,type_of_admission,total_costs,2.96362e-318,ANOVA,0.056255235699191206
377,type_of_admission,year,1.5919199746066681e-37,ANOVA,0.006841185934239452
378,type_of_admission,payment_typology_1,0.31118599277707104,chi_squared,
379,type_of_admission,payment_typology_2,0.06836454641614192,chi_squared,
380,type_of_admission,payment_typology_3,0.9474838014999709,chi_squared,
381,type_of_admission,diagnosis,1.3326526696214587e-99,chi_squared,
382,patient_disposition,discharge_year,2.7762215613373396e-138,ANOVA,0.027455515342726732
383,patient_disposition,ccs_diagnosis_code,0.0,chi_squared,
384,patient_disposition,ccs_diagnosis_description,0.0,chi_squared,
385,patient_disposition,ccs_procedure_code,0.0,chi_squared,
386,patient_disposition,ccs_procedure_description,0.0,chi_squared,
387,patient_disposition,apr_drg_code,0.0,chi_squared,
388,patient_disposition,apr_drg_description,0.0,chi_squared,
389,patient_disposition,apr_mdc_code,0.0,chi_squared,
390,patient_disposition,apr_mdc_description,0.0,chi_squared,
391,patient_disposition,apr_severity_of_illness_code,0.0,chi_squared,
392,patient_disposition,apr_severity_of_illness_description,0.0,chi_squared,
393,patient_disposition,apr_risk_of_mortality,0.0,chi_squared,
394,patient_disposition,apr_medical_surgical_description,5.752175401202952e-09,chi_squared,
395,patient_disposition,source_of_payment_1,0.0,chi_squared,
396,patient_disposition,source_of_payment_2,1.0361553915215394e-167,chi_squared,
397,patient_disposition,source_of_payment_3,5.038623106033357e-25,chi_squared,
398,patient_disposition,attending_provider_license_number,0.0,chi_squared,
399,patient_disposition,operating_provider_license_number,1.523718240322019e-130,chi_squared,
400,patient_disposition,other_provider_license_number,3.285712465904505e-153,chi_squared,
401,patient_disposition,birth_weight,0.9976363118270148,ANOVA,0.00021977672484373715
402,patient_disposition,abortion_edit_indicator,1.0,chi_squared,
403,patient_disposition,emergency_department_indicator,3.157027591814344e-39,chi_squared,
404,patient_disposition,total_charges,0.0,ANOVA,0.09388259758265374
405,patient_disposition,total_costs,8.2152940495975435e-75,ANOVA,0.015840227087496595
406,patient_disposition,year,2.7762215613373396e-138,ANOVA,0.027455515342726732
407,patient_disposition,payment_typology_1,1.723572765773178e-155,chi_squared,
408,patient_disposition,payment_typology_2,1.300709657726652e-06,chi_squared,
409,patient_disposition,payment_typology_3,1.0315835016165222e-06,chi_squared,
410,patient_disposition,diagnosis,0.0,chi_squared,
411,discharge_year,ccs_diagnosis_code,0.0,ANOVA,0.07632764303214064
412,discharge_year,ccs_diagnosis_description,0.0,ANOVA,0.7777239281757976
413,discharge_year,ccs_procedure_code,0.0,ANOVA,0.10474729916401708
414,discharge_year,ccs_procedure_description,0.0,ANOVA,0.10474729916281489
415,discharge_year,apr_drg_code,0.0,ANOVA,0.12193018233650475
416,discharge_year,apr_drg_description,0.0,ANOVA,0.7777066848469513
417,discharge_year,apr_mdc_code,1.5837367121622047e-116,ANOVA,0.023510047672761745
418,discharge_year,apr_mdc_description,1.5837367111104426e-116,ANOVA,0.023510047672814272
419,discharge_year,apr_severity_of_illness_code,2.693145152779689e-55,ANOVA,0.010054375927152194
420,discharge_year,apr_severity_of_illness_description,2.693145150935902e-55,ANOVA,0.010054375927205794
421,discharge_year,apr_risk_of_mortality,2.706509537585656e-79,ANOVA,0.014370572983311238
422,discharge_year,apr_medical_surgical_description,2.019101399189683e-46,t_test,
423,discharge_year,source_of_payment_1,0.0,ANOVA,0.11476932783377049
424,discharge_year,source_of_payment_2,0.0,ANOVA,0.3000498177460734
425,discharge_year,source_of_payment_3,1.436126735815509e-219,ANOVA,0.31423086429898367
426,discharge_year,attending_provider_license_number,0.0,ANOVA,0.6169372081456864
427,discharge_year,operating_provider_license_number,0.0,ANOVA,0.49659969068375565
428,discharge_year,other_provider_license_number,0.0,ANOVA,0.2523363115093931
429,discharge_year,birth_weight,,linear_regression,0.0004024689775965484
430,discharge_year,abortion_edit_indicator,,t_test,
431,discharge_year,emergency_department_indicator,4.2537093680589826e-118,t_test,
432,discharge_year,total_charges,,linear_regression,0.028705960525281293
433,discharge_year,total_costs,,linear_regression,0.009373514703205243
434,discharge_year,year,,linear_regression,1.0
435,discharge_year,payment_typology_1,1.5300935235891074e-61,ANOVA,0.09845435371951097
436,discharge_year,payment_typology_2,0.04401642294441465,ANOVA,0.0074609725100459896
437,discharge_year,payment_typology_3,8.017503238516293e-08,ANOVA,0.4394495678420596
438,discharge_year,diagnosis,4.787351507101024e-82,ANOVA,0.01590750547922988
439,ccs_diagnosis_code,ccs_diagnosis_description,0.0,chi_squared,
440,ccs_diagnosis_code,ccs_procedure_code,0.0,chi_squared,
441,ccs_diagnosis_code,ccs_procedure_description,0.0,chi_squared,
442,ccs_diagnosis_code,apr_drg_code,0.0,chi_squared,
443,ccs_diagnosis_code,apr_drg_description,0.0,chi_squared,
444,ccs_diagnosis_code,apr_mdc_code,0.0,chi_squared,
445,ccs_diagnosis_code,apr_mdc_description,0.0,chi_squared,
446,ccs_diagnosis_code,apr_severity_of_illness_code,0.0,chi_squared,
447,ccs_diagnosis_code,apr_severity_of_illness_description,0.0,chi_squared,
448,ccs_diagnosis_code,apr_risk_of_mortality,0.0,chi_squared,
449,ccs_diagnosis_code,apr_medical_surgical_description,0.0,chi_squared,
450,ccs_diagnosis_code,source_of_payment_1,0.0,chi_squared,
451,ccs_diagnosis_code,source_of_payment_2,2.418951390568659e-216,chi_squared,
452,ccs_diagnosis_code,source_of_payment_3,0.15888730946817428,chi_squared,
453,ccs_diagnosis_code,attending_provider_license_number,0.0,chi_squared,
454,ccs_diagnosis_code,operating_provider_license_number,0.0,chi_squared,
455,ccs_diagnosis_code,other_provider_license_number,0.0,chi_squared,
456,ccs_diagnosis_code,birth_weight,0.0,ANOVA,0.4175843576357411
457,ccs_diagnosis_code,abortion_edit_indicator,1.0,chi_squared,
458,ccs_diagnosis_code,emergency_department_indicator,2.6442901763742757e-259,chi_squared,
459,ccs_diagnosis_code,total_charges,0.0,ANOVA,0.1851339390640757
460,ccs_diagnosis_code,total_costs,0.0,ANOVA,0.2154440225357709
461,ccs_diagnosis_code,year,0.0,ANOVA,0.07632764303214064
462,ccs_diagnosis_code,payment_typology_1,6.025618658184673e-59,chi_squared,
463,ccs_diagnosis_code,payment_typology_2,5.498316305264256e-22,chi_squared,
464,ccs_diagnosis_code,payment_typology_3,0.012455440704492907,chi_squared,
465,ccs_diagnosis_code,diagnosis,0.0,chi_squared,
466,ccs_diagnosis_description,ccs_procedure_code,0.0,chi_squared,
467,ccs_diagnosis_description,ccs_procedure_description,0.0,chi_squared,
468,ccs_diagnosis_description,apr_drg_code,0.0,chi_squared,
469,ccs_diagnosis_description,apr_drg_description,0.0,chi_squared,
470,ccs_diagnosis_description,apr_mdc_code,0.0,chi_squared,
471,ccs_diagnosis_description,apr_mdc_description,0.0,chi_squared,
472,ccs_diagnosis_description,apr_severity_of_illness_code,0.0,chi_squared,
473,ccs_diagnosis_description,apr_severity_of_illness_description,0.0,chi_squared,
474,ccs_diagnosis_description,apr_risk_of_mortality,0.0,chi_squared,
475,ccs_diagnosis_description,apr_medical_surgical_description,0.0,chi_squared,
476,ccs_diagnosis_description,source_of_payment_1,0.0,chi_squared,
477,ccs_diagnosis_description,source_of_payment_2,0.0,chi_squared,
478,ccs_diagnosis_description,source_of_payment_3,2.034631029286077e-59,chi_squared,
479,ccs_diagnosis_description,attending_provider_license_number,0.0,chi_squared,
480,ccs_diagnosis_description,operating_provider_license_number,0.0,chi_squared,
481,ccs_diagnosis_description,other_provider_license_number,0.0,chi_squared,
482,ccs_diagnosis_description,birth_weight,0.0,ANOVA,0.4250442470614303
483,ccs_diagnosis_description,abortion_edit_indicator,1.0,chi_squared,
484,ccs_diagnosis_description,emergency_department_indicator,0.0,chi_squared,
485,ccs_diagnosis_description,total_charges,0.0,ANOVA,0.22291429580527514
486,ccs_diagnosis_description,total_costs,0.0,ANOVA,0.3566377641715131
487,ccs_diagnosis_description,year,0.0,ANOVA,0.7777239281757976
488,ccs_diagnosis_description,payment_typology_1,6.025618658186044e-59,chi_squared,
489,ccs_diagnosis_description,payment_typology_2,5.498316305264256e-22,chi_squared,
490,ccs_diagnosis_description,payment_typology_3,0.01245544070449284,chi_squared,
491,ccs_diagnosis_description,diagnosis,0.0,chi_squared,
492,ccs_procedure_code,ccs_procedure_description,0.0,chi_squared,
493,ccs_procedure_code,apr_drg_code,0.0,chi_squared,
494,ccs_procedure_code,apr_drg_description,0.0,chi_squared,
495,ccs_procedure_code,apr_mdc_code,0.0,chi_squared,
496,ccs_procedure_code,apr_mdc_description,0.0,chi_squared,
497,ccs_procedure_code,apr_severity_of_illness_code,0.0,chi_squared,
498,ccs_procedure_code,apr_severity_of_illness_description,0.0,chi_squared,
499,ccs_procedure_code,apr_risk_of_mortality,0.0,chi_squared,
500,ccs_procedure_code,apr_medical_surgical_description,0.0,chi_squared,
501,ccs_procedure_code,source_of_payment_1,1.6824792928711055e-289,chi_squared,
502,ccs_procedure_code,source_of_payment_2,3.9223040016372783e-90,chi_squared,
503,ccs_procedure_code,source_of_payment_3,0.0004118230402983827,chi_squared,
504,ccs_procedure_code,attending_provider_license_number,0.0,chi_squared,
505,ccs_procedure_code,operating_provider_license_number,0.0,chi_squared,
506,ccs_procedure_code,other_provider_license_number,0.0,chi_squared,
507,ccs_procedure_code,birth_weight,0.035464235120351684,ANOVA,0.0060174797712220325
508,ccs_procedure_code,abortion_edit_indicator,1.0,chi_squared,
509,ccs_procedure_code,emergency_department_indicator,0.0,chi_squared,
510,ccs_procedure_code,total_charges,0.0,ANOVA,0.3912268622861286
511,ccs_procedure_code,total_costs,0.0,ANOVA,0.44973624443179666
512,ccs_procedure_code,year,0.0,ANOVA,0.10474729916401708
513,ccs_procedure_code,payment_typology_1,0.0073784285605922335,chi_squared,
514,ccs_procedure_code,payment_typology_2,0.0015077083151355268,chi_squared,
515,ccs_procedure_code,payment_typology_3,0.9142716168457627,chi_squared,
516,ccs_procedure_code,diagnosis,0.0,chi_squared,
517,ccs_procedure_description,apr_drg_code,0.0,chi_squared,
518,ccs_procedure_description,apr_drg_description,0.0,chi_squared,
519,ccs_procedure_description,apr_mdc_code,0.0,chi_squared,
520,ccs_procedure_description,apr_mdc_description,0.0,chi_squared,
521,ccs_procedure_description,apr_severity_of_illness_code,0.0,chi_squared,
522,ccs_procedure_description,apr_severity_of_illness_description,0.0,chi_squared,
523,ccs_procedure_description,apr_risk_of_mortality,0.0,chi_squared,
524,ccs_procedure_description,apr_medical_surgical_description,0.0,chi_squared,
525,ccs_procedure_description,source_of_payment_1,1.68247929287034e-289,chi_squared,
526,ccs_procedure_description,source_of_payment_2,3.9223040016372783e-90,chi_squared,
527,ccs_procedure_description,source_of_payment_3,0.0004118230402983783,chi_squared,
528,ccs_procedure_description,attending_provider_license_number,0.0,chi_squared,
529,ccs_procedure_description,operating_provider_license_number,0.0,chi_squared,
530,ccs_procedure_description,other_provider_license_number,0.0,chi_squared,
531,ccs_procedure_description,birth_weight,0.035464235120351684,ANOVA,0.0060174797712220195
532,ccs_procedure_description,abortion_edit_indicator,1.0,chi_squared,
533,ccs_procedure_description,emergency_department_indicator,0.0,chi_squared,
534,ccs_procedure_description,total_charges,0.0,ANOVA,0.39122686228614606
535,ccs_procedure_description,total_costs,0.0,ANOVA,0.449736244431797
536,ccs_procedure_description,year,0.0,ANOVA,0.10474729916281489
537,ccs_procedure_description,payment_typology_1,0.0073784285605922335,chi_squared,
538,ccs_procedure_description,payment_typology_2,0.0015077083151355402,chi_squared,
539,ccs_procedure_description,payment_typology_3,0.9142716168457625,chi_squared,
540,ccs_procedure_description,diagnosis,0.0,chi_squared,
541,apr_drg_code,apr_drg_description,0.0,chi_squared,
542,apr_drg_code,apr_mdc_code,0.0,chi_squared,
543,apr_drg_code,apr_mdc_description,0.0,chi_squared,
544,apr_drg_code,apr_severity_of_illness_code,0.0,chi_squared,
545,apr_drg_code,apr_severity_of_illness_description,0.0,chi_squared,
546,apr_drg_code,apr_risk_of_mortality,0.0,chi_squared,
547,apr_drg_code,apr_medical_surgical_description,0.0,chi_squared,
548,apr_drg_code,source_of_payment_1,0.0,chi_squared,
549,apr_drg_code,source_of_payment_2,1.1245137223606837e-256,chi_squared,
550,apr_drg_code,source_of_payment_3,2.0201941571327564e-39,chi_squared,
551,apr_drg_code,attending_provider_license_number,0.0,chi_squared,
552,apr_drg_code,operating_provider_license_number,0.0,chi_squared,
553,apr_drg_code,other_provider_license_number,0.0,chi_squared,
554,apr_drg_code,birth_weight,2.499933114011124e-10,ANOVA,0.009045027791813627
555,apr_drg_code,abortion_edit_indicator,1.0,chi_squared,
556,apr_drg_code,emergency_department_indicator,0.0,chi_squared,
557,apr_drg_code,total_charges,0.0,ANOVA,0.34767673129518095
558,apr_drg_code,total_costs,0.0,ANOVA,0.8048235698149049
559,apr_drg_code,year,0.0,ANOVA,0.12193018233650475
560,apr_drg_code,payment_typology_1,2.138158793009476e-92,chi_squared,
561,apr_drg_code,payment_typology_2,3.704107073108243e-26,chi_squared,
562,apr_drg_code,payment_typology_3,0.013969580404850057,chi_squared,
563,apr_drg_code,diagnosis,0.0,chi_squared,
564,apr_drg_description,apr_mdc_code,0.0,chi_squared,
565,apr_drg_description,apr_mdc_description,0.0,chi_squared,
566,apr_drg_description,apr_severity_of_illness_code,0.0,chi_squared,
567,apr_drg_description,apr_severity_of_illness_description,0.0,chi_squared,
568,apr_drg_description,apr_risk_of_mortality,0.0,chi_squared,
569,apr_drg_description,apr_medical_surgical_description,0.0,chi_squared,
570,apr_drg_description,source_of_payment_1,0.0,chi_squared,
571,apr_drg_description,source_of_payment_2,0.0,chi_squared,
572,apr_drg_description,source_of_payment_3,1.5690121180951015e-118,chi_squared,
573,apr_drg_description,attending_provider_license_number,0.0,chi_squared,
574,apr_drg_description,operating_provider_license_number,0.0,chi_squared,
575,apr_drg_description,other_provider_license_number,0.0,chi_squared,
576,apr_drg_description,birth_weight,1.0111919644658369e-20,ANOVA,0.01814300787399336
577,apr_drg_description,abortion_edit_indicator,1.0,chi_squared,
578,apr_drg_description,emergency_department_indicator,0.0,chi_squared,
579,apr_drg_description,total_charges,0.0,ANOVA,0.3633767129728614
580,apr_drg_description,total_costs,0.0,ANOVA,0.8111998556442102
581,apr_drg_description,year,0.0,ANOVA,0.7777066848469513
582,apr_drg_description,payment_typology_1,2.138158793009476e-92,chi_squared,
583,apr_drg_description,payment_typology_2,3.704107073108243e-26,chi_squared,
584,apr_drg_description,payment_typology_3,0.013969580404850057,chi_squared,
585,apr_drg_description,diagnosis,0.0,chi_squared,
586,apr_mdc_code,apr_mdc_description,0.0,chi_squared,
587,apr_mdc_code,apr_severity_of_illness_code,0.0,chi_squared,
588,apr_mdc_code,apr_severity_of_illness_description,0.0,chi_squared,
589,apr_mdc_code,apr_risk_of_mortality,0.0,chi_squared,
590,apr_mdc_code,apr_medical_surgical_description,8.268522273876862e-306,chi_squared,
591,apr_mdc_code,source_of_payment_1,0.0,chi_squared,
592,apr_mdc_code,source_of_payment_2,1.4809652293034482e-286,chi_squared,
593,apr_mdc_code,source_of_payment_3,9.690560602334198e-13,chi_squared,
594,apr_mdc_code,attending_provider_license_number,0.0,chi_squared,
595,apr_mdc_code,operating_provider_license_number,0.0,chi_squared,
596,apr_mdc_code,other_provider_license_number,0.0,chi_squared,
597,apr_mdc_code,birth_weight,0.5517811272520069,ANOVA,0.0006536191158495124
598,apr_mdc_code,abortion_edit_indicator,1.0,chi_squared,
599,apr_mdc_code,emergency_department_indicator,4.3107730175997344e-76,chi_squared,
600,apr_mdc_code,total_charges,0.0,ANOVA,0.08446318267774637
601,apr_mdc_code,total_costs,0.0,ANOVA,0.19368258929792542
602,apr_mdc_code,year,1.5837367121622047e-116,ANOVA,0.023510047672761745
603,apr_mdc_code,payment_typology_1,2.7784751030432785e-94,chi_squared,
604,apr_mdc_code,payment_typology_2,5.319213400847761e-36,chi_squared,
605,apr_mdc_code,payment_typology_3,0.7161987867735321,chi_squared,
606,apr_mdc_code,diagnosis,0.0,chi_squared,
607,apr_mdc_description,apr_severity_of_illness_code,0.0,chi_squared,
608,apr_mdc_description,apr_severity_of_illness_description,0.0,chi_squared,
609,apr_mdc_description,apr_risk_of_mortality,0.0,chi_squared,
610,apr_mdc_description,apr_medical_surgical_description,8.268522273875919e-306,chi_squared,
611,apr_mdc_description,source_of_payment_1,0.0,chi_squared,
612,apr_mdc_description,source_of_payment_2,1.4809652293034486e-286,chi_squared,
613,apr_mdc_description,source_of_payment_3,9.690560602334198e-13,chi_squared,
614,apr_mdc_description,attending_provider_license_number,0.0,chi_squared,
615,apr_mdc_description,operating_provider_license_number,0.0,chi_squared,
616,apr_mdc_description,other_provider_license_number,0.0,chi_squared,
617,apr_mdc_description,birth_weight,0.5517811272520069,ANOVA,0.000653619115849521
618,apr_mdc_description,abortion_edit_indicator,1.0,chi_squared,
619,apr_mdc_description,emergency_department_indicator,4.3107730175997344e-76,chi_squared,
620,apr_mdc_description,total_charges,0.0,ANOVA,0.08446318267774691
621,apr_mdc_description,total_costs,0.0,ANOVA,0.19368258929792234
622,apr_mdc_description,year,1.5837367111104426e-116,ANOVA,0.023510047672814272
623,apr_mdc_description,payment_typology_1,2.7784751030432775e-94,chi_squared,
624,apr_mdc_description,payment_typology_2,5.319213400847912e-36,chi_squared,
625,apr_mdc_description,payment_typology_3,0.7161987867735319,chi_squared,
626,apr_mdc_description,diagnosis,0.0,chi_squared,
627,apr_severity_of_illness_code,apr_severity_of_illness_description,0.0,chi_squared,
628,apr_severity_of_illness_code,apr_risk_of_mortality,0.0,chi_squared,
629,apr_severity_of_illness_code,apr_medical_surgical_description,1.0447680423809108e-17,chi_squared,
630,apr_severity_of_illness_code,source_of_payment_1,0.0,chi_squared,
631,apr_severity_of_illness_code,source_of_payment_2,3.286748450518586e-80,chi_squared,
632,apr_severity_of_illness_code,source_of_payment_3,9.456372745671143e-08,chi_squared,
633,apr_severity_of_illness_code,attending_provider_license_number,0.0,chi_squared,
634,apr_severity_of_illness_code,operating_provider_license_number,0.0,chi_squared,
635,apr_severity_of_illness_code,other_provider_license_number,3.272405160899768e-157,chi_squared,
636,apr_severity_of_illness_code,birth_weight,0.0015218448470040106,ANOVA,0.0006058091491659575
637,apr_severity_of_illness_code,abortion_edit_indicator,1.0,chi_squared,
638,apr_severity_of_illness_code,emergency_department_indicator,2.5676714626122294e-85,chi_squared,
639,apr_severity_of_illness_code,total_charges,0.0,ANOVA,0.21721375259616532
640,apr_severity_of_illness_code,total_costs,3.451567821885527e-33,ANOVA,0.006054538477318573
641,apr_severity_of_illness_code,year,2.693145152779689e-55,ANOVA,0.010054375927152194
642,apr_severity_of_illness_code,payment_typology_1,6.247125400019724e-80,chi_squared,
643,apr_severity_of_illness_code,payment_typology_2,0.00023188672062201193,chi_squared,
644,apr_severity_of_illness_code,payment_typology_3,0.15771023541099485,chi_squared,
645,apr_severity_of_illness_code,diagnosis,0.0,chi_squared,
646,apr_severity_of_illness_description,apr_risk_of_mortality,0.0,chi_squared,
647,apr_severity_of_illness_description,apr_medical_surgical_description,1.0447680423809108e-17,chi_squared,
648,apr_severity_of_illness_description,source_of_payment_1,0.0,chi_squared,
649,apr_severity_of_illness_description,source_of_payment_2,3.2867484505187725e-80,chi_squared,
650,apr_severity_of_illness_description,source_of_payment_3,9.456372745671143e-08,chi_squared,
651,apr_severity_of_illness_description,attending_provider_license_number,0.0,chi_squared,
652,apr_severity_of_illness_description,operating_provider_license_number,0.0,chi_squared,
653,apr_severity_of_illness_description,other_provider_license_number,3.272405160900143e-157,chi_squared,
654,apr_severity_of_illness_description,birth_weight,0.0015218448470040106,ANOVA,0.0006058091491659576
655,apr_severity_of_illness_description,abortion_edit_indicator,1.0,chi_squared,
656,apr_severity_of_illness_description,emergency_department_indicator,2.5676714626122294e-85,chi_squared,
657,apr_severity_of_illness_description,total_charges,0.0,ANOVA,0.2172137525961652
658,apr_severity_of_illness_description,total_costs,3.451567821885527e-33,ANOVA,0.006054538477318549
659,apr_severity_of_illness_description,year,2.693145150935902e-55,ANOVA,0.010054375927205794
660,apr_severity_of_illness_description,payment_typology_1,6.247125400019724e-80,chi_squared,
661,apr_severity_of_illness_description,payment_typology_2,0.00023188672062201193,chi_squared,
662,apr_severity_of_illness_description,payment_typology_3,0.1577102354109948,chi_squared,
663,apr_severity_of_illness_description,diagnosis,0.0,chi_squared,
664,apr_risk_of_mortality,apr_medical_surgical_description,4.787834325787411e-19,chi_squared,
665,apr_risk_of_mortality,source_of_payment_1,0.0,chi_squared,
666,apr_risk_of_mortality,source_of_payment_2,6.07080926931269e-261,chi_squared,
667,apr_risk_of_mortality,source_of_payment_3,1.1244557866014861e-17,chi_squared,
668,apr_risk_of_mortality,attending_provider_license_number,0.0,chi_squared,
669,apr_risk_of_mortality,operating_provider_license_number,0.0,chi_squared,
670,apr_risk_of_mortality,other_provider_license_number,6.496994495155787e-198,chi_squared,
671,apr_risk_of_mortality,birth_weight,0.001365469311609758,ANOVA,0.00061487135196279
672,apr_risk_of_mortality,abortion_edit_indicator,1.0,chi_squared,
673,apr_risk_of_mortality,emergency_department_indicator,3.010044226930316e-95,chi_squared,
674,apr_risk_of_mortality,total_charges,0.0,ANOVA,0.17929026498141729
675,apr_risk_of_mortality,total_costs,4.91089276764965e-47,ANOVA,0.008562771666336122
676,apr_risk_of_mortality,year,2.706509537585656e-79,ANOVA,0.014370572983311238
677,apr_risk_of_mortality,payment_typology_1,5.8474035412104556e-145,chi_squared,
678,apr_risk_of_mortality,payment_typology_2,1.8672067998895636e-23,chi_squared,
679,apr_risk_of_mortality,payment_typology_3,0.2773893601320898,chi_squared,
680,apr_risk_of_mortality,diagnosis,0.0,chi_squared,
681,apr_medical_surgical_description,source_of_payment_1,3.123994253828968e-17,chi_squared,
682,apr_medical_surgical_description,source_of_payment_2,1.9217234909536885e-14,chi_squared,
683,apr_medical_surgical_description,source_of_payment_3,0.26017312922016217,chi_squared,
684,apr_medical_surgical_description,attending_provider_license_number,0.0,chi_squared,
685,apr_medical_surgical_description,operating_provider_license_number,0.0,chi_squared,
686,apr_medical_surgical_description,other_provider_license_number,2.716984137182547e-140,chi_squared,
687,apr_medical_surgical_description,birth_weight,0.0012199012171897295,t_test,
688,apr_medical_surgical_description,abortion_edit_indicator,1.0,chi_squared,
689,apr_medical_surgical_description,emergency_department_indicator,3.514294528962206e-89,chi_squared,
690,apr_medical_surgical_description,total_charges,1.6728648441559922e-236,t_test,
691,apr_medical_surgical_description,total_costs,1.3846338221445359e-92,t_test,
692,apr_medical_surgical_description,year,2.019101399189683e-46,t_test,
693,apr_medical_surgical_description,payment_typology_1,1.361549363884504e-06,chi_squared,
694,apr_medical_surgical_description,payment_typology_2,0.004666049701167399,chi_squared,
695,apr_medical_surgical_description,payment_typology_3,0.47067127545401644,chi_squared,
696,apr_medical_surgical_description,diagnosis,2.3043828062073134e-260,chi_squared,
697,source_of_payment_1,source_of_payment_2,0.0,chi_squared,
698,source_of_payment_1,source_of_payment_3,1.3966109761881346e-87,chi_squared,
699,source_of_payment_1,attending_provider_license_number,0.0,chi_squared,
700,source_of_payment_1,operating_provider_license_number,2.685016836163889e-175,chi_squared,
701,source_of_payment_1,other_provider_license_number,1.9062799252844305e-106,chi_squared,
702,source_of_payment_1,birth_weight,3.3024249880867113e-09,ANOVA,0.002965492768476675
703,source_of_payment_1,abortion_edit_indicator,1.0,chi_squared,
704,source_of_payment_1,emergency_department_indicator,6.344142984680431e-46,chi_squared,
705,source_of_payment_1,total_charges,5.717178814250153e-131,ANOVA,0.028642168148355206
706,source_of_payment_1,total_costs,5.370989646052319e-127,ANOVA,0.02783617620095507
707,source_of_payment_1,year,0.0,ANOVA,0.11476932783377049
708,source_of_payment_1,diagnosis,0.0,chi_squared,
709,source_of_payment_2,source_of_payment_3,0.0,chi_squared,
710,source_of_payment_2,attending_provider_license_number,0.0,chi_squared,
711,source_of_payment_2,operating_provider_license_number,3.1551367098704266e-14,chi_squared,
712,source_of_payment_2,other_provider_license_number,1.274803743743093e-96,chi_squared,
713,source_of_payment_2,birth_weight,0.8796625073287959,ANOVA,0.00041673701873738516
714,source_of_payment_2,abortion_edit_indicator,1.0,chi_squared,
715,source_of_payment_2,emergency_department_indicator,3.6099268918535084e-27,chi_squared,
716,source_of_payment_2,total_charges,5.580981725661722e-39,ANOVA,0.01655643134190472
717,source_of_payment_2,total_costs,7.656740649982068e-46,ANOVA,0.019152091227805593
718,source_of_payment_2,year,0.0,ANOVA,0.3000498177460734
719,source_of_payment_2,diagnosis,0.0,chi_squared,
720,source_of_payment_3,attending_provider_license_number,0.0,chi_squared,
721,source_of_payment_3,operating_provider_license_number,6.6944731551328845e-22,chi_squared,
722,source_of_payment_3,other_provider_license_number,1.0046390314451068e-06,chi_squared,
723,source_of_payment_3,birth_weight,0.9999804499805451,ANOVA,0.00029672182840180744
724,source_of_payment_3,abortion_edit_indicator,1.0,chi_squared,
725,source_of_payment_3,emergency_department_indicator,0.10904994268276351,chi_squared,
726,source_of_payment_3,total_charges,0.14112476598635762,ANOVA,0.005697042176854693
727,source_of_payment_3,total_costs,0.193421362437053,ANOVA,0.005259063140963631
728,source_of_payment_3,year,1.436126735815509e-219,ANOVA,0.31423086429898367
729,source_of_payment_3,diagnosis,1.8403302725280814e-28,chi_squared,
730,attending_provider_license_number,operating_provider_license_number,0.0,chi_squared,
731,attending_provider_license_number,other_provider_license_number,0.0,chi_squared,
732,attending_provider_license_number,birth_weight,1.7626990166303968e-64,ANOVA,0.02864894278028261
733,attending_provider_license_number,abortion_edit_indicator,1.0,chi_squared,
734,attending_provider_license_number,emergency_department_indicator,0.0,chi_squared,
735,attending_provider_license_number,total_charges,0.0,ANOVA,0.10701467385565856
736,attending_provider_license_number,total_costs,0.0,ANOVA,0.47275530971483537
737,attending_provider_license_number,year,0.0,ANOVA,0.6169372081456864
738,attending_provider_license_number,payment_typology_1,2.8135658775258525e-87,chi_squared,
739,attending_provider_license_number,payment_typology_2,2.2337537359979798e-58,chi_squared,
740,attending_provider_license_number,payment_typology_3,0.0003531170959639248,chi_squared,
741,attending_provider_license_number,diagnosis,0.0,chi_squared,
742,operating_provider_license_number,other_provider_license_number,0.0,chi_squared,
743,operating_provider_license_number,birth_weight,3.6055108004698693e-87,ANOVA,0.131915277331927
744,operating_provider_license_number,abortion_edit_indicator,1.0,chi_squared,
745,operating_provider_license_number,emergency_department_indicator,6.572019224450164e-173,chi_squared,
746,operating_provider_license_number,total_charges,5.616112508776793e-222,ANOVA,0.21754133443838697
747,operating_provider_license_number,total_costs,0.0,ANOVA,0.5125999576350874
748,operating_provider_license_number,year,0.0,ANOVA,0.49659969068375565
749,operating_provider_license_number,payment_typology_1,0.18197110152750626,chi_squared,
750,operating_provider_license_number,payment_typology_2,0.5144203549918283,chi_squared,
751,operating_provider_license_number,payment_typology_3,0.823535825132443,chi_squared,
752,operating_provider_license_number,diagnosis,0.0,chi_squared,
753,other_provider_license_number,birth_weight,0.9999999999999999,ANOVA,0.003024986369993811
754,other_provider_license_number,abortion_edit_indicator,1.0,chi_squared,
755,other_provider_license_number,emergency_department_indicator,1.9765694959454382e-58,chi_squared,
756,other_provider_license_number,total_charges,2.0919635466591264e-156,ANOVA,0.1226774296388368
757,other_provider_license_number,total_costs,9.704999547540385e-123,ANOVA,0.10471606331387329
758,other_provider_license_number,year,0.0,ANOVA,0.2523363115093931
759,other_provider_license_number,payment_typology_1,0.9890118589413732,chi_squared,
760,other_provider_license_number,payment_typology_2,0.28505650031663116,chi_squared,
761,other_provider_license_number,diagnosis,0.0,chi_squared,
762,birth_weight,abortion_edit_indicator,,t_test,
763,birth_weight,emergency_department_indicator,0.29968948308390325,t_test,
764,birth_weight,total_charges,,linear_regression,0.0002334637378453852
765,birth_weight,total_costs,,linear_regression,1.0125690084072936e-05
766,birth_weight,year,,linear_regression,0.00040246897759677047
767,birth_weight,payment_typology_1,,ANOVA,
768,birth_weight,payment_typology_2,,ANOVA,
769,birth_weight,payment_typology_3,,ANOVA,
770,birth_weight,diagnosis,0.49571826277297704,ANOVA,0.0003305046270975331
771,abortion_edit_indicator,emergency_department_indicator,1.0,chi_squared,
772,abortion_edit_indicator,total_charges,,t_test,
773,abortion_edit_indicator,total_costs,,t_test,
774,abortion_edit_indicator,year,,t_test,
775,abortion_edit_indicator,payment_typology_1,1.0,chi_squared,
776,abortion_edit_indicator,payment_typology_2,1.0,chi_squared,
777,abortion_edit_indicator,payment_typology_3,1.0,chi_squared,
778,abortion_edit_indicator,diagnosis,1.0,chi_squared,
779,emergency_department_indicator,total_charges,1.0987632946112848e-06,t_test,
780,emergency_department_indicator,total_costs,5.598445789562711e-45,t_test,
781,emergency_department_indicator,year,4.2537093680589826e-118,t_test,
782,emergency_department_indicator,payment_typology_1,0.04958004850562787,chi_squared,
783,emergency_department_indicator,payment_typology_2,0.043919565819158964,chi_squared,
784,emergency_department_indicator,payment_typology_3,0.0018414451504965665,chi_squared,
785,emergency_department_indicator,diagnosis,1.6540611623835818e-79,chi_squared,
786,total_charges,total_costs,,linear_regression,0.015602635747688609
787,total_charges,year,,linear_regression,0.02870596052528207
788,total_charges,payment_typology_1,4.886971215348241e-11,ANOVA,0.021148880858379016
789,total_charges,payment_typology_2,0.12849131093132246,ANOVA,0.005446586604813866
790,total_charges,payment_typology_3,0.7220878981114607,ANOVA,0.039173643501628656
791,total_charges,diagnosis,4.773628292429945e-268,ANOVA,0.04887635667525948
792,total_costs,year,,linear_regression,0.009373514703204466
793,total_costs,payment_typology_1,8.918350757455363e-05,ANOVA,0.010266483733057002
794,total_costs,payment_typology_2,0.550748810819955,ANOVA,0.002323320779891814
795,total_costs,payment_typology_3,0.3815740970759362,ANOVA,0.07133015421444558
796,total_costs,diagnosis,0.0,ANOVA,0.17603323860198455
797,year,payment_typology_1,1.5300935235891074e-61,ANOVA,0.09845435371951097
798,year,payment_typology_2,0.04401642294441465,ANOVA,0.0074609725100459896
799,year,payment_typology_3,8.017503238516293e-08,ANOVA,0.4394495678420596
800,year,diagnosis,4.787351507101024e-82,ANOVA,0.01590750547922988
801,payment_typology_1,payment_typology_2,1.1746986573264801e-149,chi_squared,
802,payment_typology_1,payment_typology_3,2.548294056166888e-07,chi_squared,
803,payment_typology_1,diagnosis,1.574394875964625e-101,chi_squared,
804,payment_typology_2,payment_typology_3,1.412669984878297e-05,chi_squared,
805,payment_typology_2,diagnosis,1.732674810994734e-37,chi_squared,
806,payment_typology_3,diagnosis,0.9734069947617663,chi_squared,
